,seed,model_name,accuracy,f1_score,n_clusters,domain,n_test_samples
0,100,rf,0.8255,0.8173731030873888,1,Domain1,2000
1,100,rf,0.8255,0.8173731030873888,1,Global,2000
2,100,lgbm,0.8165,0.8075511274252754,1,Domain1,2000
3,100,lgbm,0.8165,0.8075511274252754,1,Global,2000
4,100,lr,0.8105,0.8004212743549237,1,Domain1,2000
5,100,lr,0.8105,0.8004212743549237,1,Global,2000
6,100,rf,0.7908805031446541,0.8180574555403557,2,Domain1,1272
7,100,rf,0.864010989010989,0.7775280898876403,2,Domain2,728
8,100,rf,0.8175,0.8085998951232303,2,Global,2000
9,100,lgbm,0.7830188679245284,0.8125,2,Domain1,1272
10,100,lgbm,0.8392857142857143,0.7346938775510203,2,Domain2,728
11,100,lgbm,0.8035,0.7945635128071094,2,Global,2000
12,100,lr,0.7578616352201258,0.7901907356948228,2,Domain1,1272
13,100,lr,0.8571428571428571,0.7592592592592593,2,Domain2,728
14,100,lr,0.794,0.783157894736842,2,Global,2000
15,100,rf,0.9792207792207792,0.0,3,Domain1,385
16,100,rf,0.78125,0.79553264604811,3,Domain2,1088
17,100,rf,0.7703984819734345,0.8344733242134064,3,Domain3,527
18,100,rf,0.8165,0.8071466106148186,3,Global,2000
19,100,lgbm,0.9766233766233766,0.0,3,Domain1,385
20,100,lgbm,0.7665441176470589,0.7832764505119454,3,Domain2,1088
21,100,lgbm,0.7590132827324478,0.8243430152143845,3,Domain3,527
22,100,lgbm,0.805,0.7951680672268907,3,Global,2000
23,100,lr,0.9792207792207792,0.0,3,Domain1,385
24,100,lr,0.7555147058823529,0.7690972222222223,3,Domain2,1088
25,100,lr,0.7647058823529411,0.8258426966292134,3,Domain3,527
26,100,lr,0.801,0.7873931623931624,3,Global,2000
27,100,rf,0.984251968503937,0.0,4,Domain1,381
28,100,rf,0.75748031496063,0.7532051282051283,4,Domain2,635
29,100,rf,0.7562076749435666,0.8144329896907215,4,Domain3,443
30,100,rf,0.8465804066543438,0.8781204111600588,4,Domain4,541
31,100,rf,0.8245,0.8145800316957212,4,Global,2000
32,100,lgbm,0.984251968503937,0.0,4,Domain1,381
33,100,lgbm,0.7338582677165354,0.7363494539781591,4,Domain2,635
34,100,lgbm,0.7562076749435666,0.8111888111888111,4,Domain3,443
35,100,lgbm,0.8096118299445472,0.8522238163558107,4,Domain4,541
36,100,lgbm,0.807,0.7985386221294364,4,Global,2000
37,100,lr,0.984251968503937,0.0,4,Domain1,381
38,100,lr,0.7133858267716535,0.6986754966887416,4,Domain2,635
39,100,lr,0.7584650112866818,0.8183361629881153,4,Domain3,443
40,100,lr,0.833641404805915,0.8688046647230321,4,Domain4,541
41,100,lr,0.8075,0.7957559681697612,4,Global,2000
42,100,rf,0.7700865265760197,0.8258426966292136,5,Domain1,809
43,100,rf,0.8603603603603603,0.1142857142857143,5,Domain2,222
44,100,rf,0.7419354838709677,0.8148148148148148,5,Domain3,155
45,100,rf,0.7633410672853829,0.823529411764706,5,Domain4,431
46,100,rf,0.9817232375979112,0.22222222222222224,5,Domain5,383
47,100,rf,0.817,0.8079748163693599,5,Global,2000
48,100,lgbm,0.7552533992583437,0.8142589118198874,5,Domain1,809
49,100,lgbm,0.8378378378378378,0.30769230769230765,5,Domain2,222
50,100,lgbm,0.6645161290322581,0.75,5,Domain3,155
51,100,lgbm,0.7587006960556845,0.8188153310104529,5,Domain4,431
52,100,lgbm,0.97911227154047,0.0,5,Domain5,383
53,100,lgbm,0.801,0.7914046121593291,5,Global,2000
54,100,lr,0.7466007416563659,0.8082319925163703,5,Domain1,809
55,100,lr,0.8513513513513513,0.3773584905660377,5,Domain2,222
56,100,lr,0.7032258064516129,0.7889908256880733,5,Domain3,155
57,100,lr,0.765661252900232,0.8273504273504273,5,Domain4,431
58,100,lr,0.9843342036553525,0.25,5,Domain5,383
59,100,lr,0.8045,0.7977237454733574,5,Global,2000
60,100,rf,0.8636363636363636,0.16666666666666666,6,Domain1,220
61,100,rf,0.717391304347826,0.7743055555555556,6,Domain2,460
62,100,rf,0.7620253164556962,0.8178294573643411,6,Domain3,395
63,100,rf,0.9842105263157894,0.0,6,Domain4,380
64,100,rf,0.7467532467532467,0.8186046511627908,6,Domain5,154
65,100,rf,0.8286445012787724,0.8814159292035397,6,Domain6,391
66,100,rf,0.817,0.8087774294670846,6,Global,2000
67,100,lgbm,0.8727272727272727,0.4615384615384615,6,Domain1,220
68,100,lgbm,0.7130434782608696,0.7692307692307692,6,Domain2,460
69,100,lgbm,0.7037974683544304,0.7745664739884391,6,Domain3,395
70,100,lgbm,0.9842105263157894,0.0,6,Domain4,380
71,100,lgbm,0.6688311688311688,0.753623188405797,6,Domain5,154
72,100,lgbm,0.7877237851662404,0.8566493955094991,6,Domain6,391
73,100,lgbm,0.7915,0.7844961240310077,6,Global,2000
74,100,lr,0.8590909090909091,0.39215686274509803,6,Domain1,220
75,100,lr,0.6891304347826087,0.7356746765249538,6,Domain2,460
76,100,lr,0.759493670886076,0.8183556405353728,6,Domain3,395
77,100,lr,0.9868421052631579,0.2857142857142857,6,Domain4,380
78,100,lr,0.7077922077922078,0.7926267281105991,6,Domain5,154
79,100,lr,0.8184143222506394,0.8765217391304347,6,Domain6,391
80,100,lr,0.805,0.7962382445141066,6,Global,2000
81,100,rf,0.8617511520737328,0.16666666666666666,7,Domain1,217
82,100,rf,0.7227272727272728,0.7903780068728522,7,Domain2,220
83,100,rf,0.75,0.8086785009861933,7,Domain3,388
84,100,rf,0.9841688654353562,0.0,7,Domain4,379
85,100,rf,0.7467532467532467,0.8186046511627908,7,Domain5,154
86,100,rf,0.8341836734693877,0.8849557522123894,7,Domain6,392
87,100,rf,0.696,0.7432432432432431,7,Domain7,250
88,100,rf,0.813,0.8048016701461378,7,Global,2000
89,100,lgbm,0.880184331797235,0.5,7,Domain1,217
90,100,lgbm,0.7181818181818181,0.7847222222222222,7,Domain2,220
91,100,lgbm,0.7036082474226805,0.7704590818363273,7,Domain3,388
92,100,lgbm,0.9868073878627969,0.0,7,Domain4,379
93,100,lgbm,0.6688311688311688,0.753623188405797,7,Domain5,154
94,100,lgbm,0.7882653061224489,0.8571428571428571,7,Domain6,392
95,100,lgbm,0.704,0.7465753424657534,7,Domain7,250
96,100,lgbm,0.792,0.7840083073727934,7,Global,2000
97,100,lr,0.8663594470046083,0.40816326530612246,7,Domain1,217
98,100,lr,0.7136363636363636,0.7773851590106007,7,Domain2,220
99,100,lr,0.7577319587628866,0.8164062499999999,7,Domain3,388
100,100,lr,0.9868073878627969,0.0,7,Domain4,379
101,100,lr,0.7077922077922078,0.7926267281105991,7,Domain5,154
102,100,lr,0.8188775510204082,0.876949740034662,7,Domain6,392
103,100,lr,0.668,0.710801393728223,7,Domain7,250
104,100,lr,0.805,0.7979274611398963,7,Global,2000
105,100,rf,0.9867021276595744,0.0,8,Domain1,376
106,100,rf,0.7364864864864865,0.8049999999999999,8,Domain2,296
107,100,rf,0.7711442786069652,0.8099173553719008,8,Domain3,201
108,100,rf,0.8102766798418972,0.8636363636363636,8,Domain4,253
109,100,rf,0.7467532467532467,0.8151658767772513,8,Domain5,154
110,100,rf,0.7339055793991416,0.80625,8,Domain6,233
111,100,rf,0.7391304347826086,0.788235294117647,8,Domain7,276
112,100,rf,0.8815165876777251,0.358974358974359,8,Domain8,211
113,100,rf,0.8125,0.8035620743844946,8,Global,2000
114,100,lgbm,0.9867021276595744,0.0,8,Domain1,376
115,100,lgbm,0.7195945945945946,0.7950617283950617,8,Domain2,296
116,100,lgbm,0.7064676616915423,0.7572016460905351,8,Domain3,201
117,100,lgbm,0.782608695652174,0.8450704225352113,8,Domain4,253
118,100,lgbm,0.6753246753246753,0.7596153846153847,8,Domain5,154
119,100,lgbm,0.630901287553648,0.7261146496815285,8,Domain6,233
120,100,lgbm,0.7572463768115942,0.8035190615835778,8,Domain7,276
121,100,lgbm,0.8909952606635071,0.5106382978723404,8,Domain8,211
122,100,lgbm,0.786,0.7768508863399376,8,Global,2000
123,100,lr,0.9867021276595744,0.0,8,Domain1,376
124,100,lr,0.7195945945945946,0.7930174563591023,8,Domain2,296
125,100,lr,0.7611940298507462,0.8000000000000002,8,Domain3,201
126,100,lr,0.7905138339920948,0.8472622478386166,8,Domain4,253
127,100,lr,0.7142857142857143,0.7962962962962963,8,Domain5,154
128,100,lr,0.7510729613733905,0.8198757763975155,8,Domain6,233
129,100,lr,0.6847826086956522,0.7387387387387387,8,Domain7,276
130,100,lr,0.8578199052132701,0.21052631578947367,8,Domain8,211
131,100,lr,0.796,0.7854889589905362,8,Global,2000
132,200,rf,0.823,0.8140756302521008,1,Domain1,2000
133,200,rf,0.823,0.8140756302521008,1,Global,2000
134,200,lgbm,0.8255,0.8185127405096204,1,Domain1,2000
135,200,lgbm,0.8255,0.8185127405096204,1,Global,2000
136,200,lr,0.801,0.790084388185654,1,Domain1,2000
137,200,lr,0.801,0.790084388185654,1,Global,2000
138,200,rf,0.8728813559322034,0.7804878048780488,2,Domain1,708
139,200,rf,0.7987616099071208,0.8250336473755048,2,Domain2,1292
140,200,rf,0.825,0.8154008438818565,2,Global,2000
141,200,lgbm,0.8516949152542372,0.742014742014742,2,Domain1,708
142,200,lgbm,0.794891640866873,0.8222669349429913,2,Domain2,1292
143,200,lgbm,0.815,0.8050579557428872,2,Global,2000
144,200,lr,0.8686440677966102,0.7726161369193154,2,Domain1,708
145,200,lr,0.7863777089783281,0.8122448979591838,2,Domain2,1292
146,200,lr,0.8155,0.8036189462480041,2,Global,2000
147,200,rf,0.7941696113074205,0.8189588189588188,3,Domain1,1132
148,200,rf,0.7697095435684648,0.82574568288854,3,Domain2,482
149,200,rf,0.9766839378238342,0.0,3,Domain3,386
150,200,rf,0.8235,0.8173823072943611,3,Global,2000
151,200,lgbm,0.7924028268551236,0.8109412711182623,3,Domain1,1132
152,200,lgbm,0.7531120331950207,0.8131868131868132,3,Domain2,482
153,200,lgbm,0.9766839378238342,0.0,3,Domain3,386
154,200,lgbm,0.8185,0.8078348332451033,3,Global,2000
155,200,lr,0.773851590106007,0.7990580847723705,3,Domain1,1132
156,200,lr,0.7634854771784232,0.820754716981132,3,Domain2,482
157,200,lr,0.9766839378238342,0.1818181818181818,3,Domain3,386
158,200,lr,0.8105,0.8027069234773556,3,Global,2000
159,200,rf,0.7560240963855421,0.7631578947368421,4,Domain1,664
160,200,rf,0.8458715596330275,0.8753709198813057,4,Domain2,545
161,200,rf,0.7579462102689487,0.8092485549132947,4,Domain3,409
162,200,rf,0.9764397905759162,0.18181818181818182,4,Domain4,382
163,200,rf,0.823,0.8125,4,Global,2000
164,200,lgbm,0.7439759036144579,0.7564469914040115,4,Domain1,664
165,200,lgbm,0.8348623853211009,0.8691860465116279,4,Domain2,545
166,200,lgbm,0.7457212713936431,0.7952755905511812,4,Domain3,409
167,200,lgbm,0.9790575916230366,0.0,4,Domain4,382
168,200,lgbm,0.814,0.804416403785489,4,Global,2000
169,200,lr,0.713855421686747,0.7085889570552146,4,Domain1,664
170,200,lr,0.8605504587155963,0.8898550724637682,4,Domain2,545
171,200,lr,0.7579462102689487,0.8092485549132947,4,Domain3,409
172,200,lr,0.9790575916230366,0.0,4,Domain4,382
173,200,lr,0.8135,0.8004280363830926,4,Global,2000
174,200,rf,0.8438914027149321,0.8968609865470851,5,Domain1,442
175,200,rf,0.8484848484848485,0.33962264150943394,5,Domain2,231
176,200,rf,0.7551020408163265,0.8087649402390439,5,Domain3,392
177,200,rf,0.9764397905759162,0.18181818181818182,5,Domain4,382
178,200,rf,0.7215189873417721,0.7806267806267806,5,Domain5,553
179,200,rf,0.8185,0.8125967991739803,5,Global,2000
180,200,lgbm,0.8257918552036199,0.88659793814433,5,Domain1,442
181,200,lgbm,0.8354978354978355,0.3666666666666667,5,Domain2,231
182,200,lgbm,0.7525510204081632,0.804040404040404,5,Domain3,392
183,200,lgbm,0.9790575916230366,0.0,5,Domain4,382
184,200,lgbm,0.7197106690777577,0.7769784172661871,5,Domain5,553
185,200,lgbm,0.8125,0.806401652039236,5,Global,2000
186,200,lr,0.8416289592760181,0.8955223880597014,5,Domain1,442
187,200,lr,0.8658008658008658,0.43636363636363634,5,Domain2,231
188,200,lr,0.7525510204081632,0.8063872255489023,5,Domain3,392
189,200,lr,0.9790575916230366,0.0,5,Domain4,382
190,200,lr,0.6943942133815552,0.7435508345978755,5,Domain5,553
191,200,lr,0.8125,0.8019017432646591,5,Global,2000
192,200,rf,0.8385650224215246,0.27999999999999997,6,Domain1,223
193,200,rf,0.7862595419847328,0.839080459770115,6,Domain2,524
194,200,rf,0.9739583333333334,0.2857142857142857,6,Domain3,384
195,200,rf,0.7461139896373057,0.8039999999999999,6,Domain4,386
196,200,rf,0.7325581395348837,0.8083333333333332,6,Domain5,172
197,200,rf,0.77491961414791,0.8341232227488152,6,Domain6,311
198,200,rf,0.814,0.8064516129032259,6,Global,2000
199,200,lgbm,0.8430493273542601,0.33962264150943394,6,Domain1,223
200,200,lgbm,0.7824427480916031,0.8394366197183099,6,Domain2,524
201,200,lgbm,0.9765625,0.1818181818181818,6,Domain3,384
202,200,lgbm,0.7487046632124352,0.8048289738430583,6,Domain4,386
203,200,lgbm,0.7093023255813954,0.7844827586206897,6,Domain5,172
204,200,lgbm,0.77491961414791,0.8309178743961353,6,Domain6,311
205,200,lgbm,0.8125,0.8043818466353677,6,Global,2000
206,200,lr,0.8565022421524664,0.36,6,Domain1,223
207,200,lr,0.767175572519084,0.8305555555555557,6,Domain2,524
208,200,lr,0.9765625,0.1818181818181818,6,Domain3,384
209,200,lr,0.7487046632124352,0.8063872255489022,6,Domain4,386
210,200,lr,0.686046511627907,0.7906976744186047,6,Domain5,172
211,200,lr,0.752411575562701,0.8108108108108107,6,Domain6,311
212,200,lr,0.8045,0.7991782229070366,6,Global,2000
213,200,rf,0.8365384615384616,0.8917197452229298,7,Domain1,312
214,200,rf,0.9816272965879265,0.0,7,Domain2,381
215,200,rf,0.7209302325581395,0.773109243697479,7,Domain3,387
216,200,rf,0.7681159420289855,0.8208955223880597,7,Domain4,207
217,200,rf,0.8840579710144928,0.3684210526315789,7,Domain5,207
218,200,rf,0.7398843930635838,0.8132780082987552,7,Domain6,173
219,200,rf,0.7447447447447447,0.7951807228915663,7,Domain7,333
220,200,rf,0.816,0.8079331941544885,7,Global,2000
221,200,lgbm,0.8333333333333334,0.8916666666666667,7,Domain1,312
222,200,lgbm,0.9816272965879265,0.0,7,Domain2,381
223,200,lgbm,0.7157622739018088,0.7659574468085105,7,Domain3,387
224,200,lgbm,0.7536231884057971,0.8158844765342961,7,Domain4,207
225,200,lgbm,0.8599033816425121,0.35555555555555557,7,Domain5,207
226,200,lgbm,0.7109826589595376,0.7844827586206897,7,Domain6,173
227,200,lgbm,0.7237237237237237,0.775609756097561,7,Domain7,333
228,200,lgbm,0.8045,0.7964601769911506,7,Global,2000
229,200,lr,0.8205128205128205,0.884297520661157,7,Domain1,312
230,200,lr,0.9816272965879265,0.0,7,Domain2,381
231,200,lr,0.6718346253229974,0.7093821510297483,7,Domain3,387
232,200,lr,0.7729468599033816,0.8278388278388279,7,Domain4,207
233,200,lr,0.8840579710144928,0.3684210526315789,7,Domain5,207
234,200,lr,0.6878612716763006,0.7923076923076923,7,Domain6,173
235,200,lr,0.7387387387387387,0.7923627684964201,7,Domain7,333
236,200,lr,0.799,0.7904066736183525,7,Global,2000
237,200,rf,0.8426966292134831,0.8923076923076922,8,Domain1,267
238,200,rf,0.992,0.0,8,Domain2,125
239,200,rf,0.7325581395348837,0.8083333333333332,8,Domain3,172
240,200,rf,0.7485549132947977,0.8053691275167785,8,Domain4,346
241,200,rf,0.9700374531835206,0.3333333333333333,8,Domain5,267
242,200,rf,0.7796052631578947,0.8329177057356608,8,Domain6,304
243,200,rf,0.8518518518518519,0.3333333333333333,8,Domain7,216
244,200,rf,0.7293729372937293,0.7864583333333334,8,Domain8,303
245,200,rf,0.8175,0.8101924076963078,8,Global,2000
246,200,lgbm,0.8164794007490637,0.8778054862842892,8,Domain1,267
247,200,lgbm,0.992,0.0,8,Domain2,125
248,200,lgbm,0.6918604651162791,0.774468085106383,8,Domain3,172
249,200,lgbm,0.7427745664739884,0.799097065462754,8,Domain4,346
250,200,lgbm,0.9737827715355806,0.46153846153846156,8,Domain5,267
251,200,lgbm,0.7763157894736842,0.829145728643216,8,Domain6,304
252,200,lgbm,0.8564814814814815,0.3673469387755102,8,Domain7,216
253,200,lgbm,0.7293729372937293,0.7908163265306123,8,Domain8,303
254,200,lgbm,0.81,0.8033126293995859,8,Global,2000
255,200,lr,0.8352059925093633,0.8860103626943006,8,Domain1,267
256,200,lr,0.992,0.0,8,Domain2,125
257,200,lr,0.7034883720930233,0.7935222672064776,8,Domain3,172
258,200,lr,0.7456647398843931,0.8018018018018018,8,Domain4,346
259,200,lr,0.9700374531835206,0.3333333333333333,8,Domain5,267
260,200,lr,0.7467105263157895,0.8060453400503779,8,Domain6,304
261,200,lr,0.875,0.4,8,Domain7,216
262,200,lr,0.7293729372937293,0.7929292929292929,8,Domain8,303
263,200,lr,0.811,0.803941908713693,8,Global,2000
264,300,rf,0.8185,0.8068121341138903,1,Domain1,2000
265,300,rf,0.8185,0.8068121341138903,1,Global,2000
266,300,lgbm,0.813,0.8023255813953487,1,Domain1,2000
267,300,lgbm,0.813,0.8023255813953487,1,Global,2000
268,300,lr,0.803,0.7904255319148936,1,Domain1,2000
269,300,lr,0.803,0.7904255319148936,1,Global,2000
270,300,rf,0.8786549707602339,0.7821522309711286,2,Domain1,684
271,300,rf,0.7872340425531915,0.8113207547169811,2,Domain2,1316
272,300,rf,0.8185,0.8053619302949061,2,Global,2000
273,300,lgbm,0.8669590643274854,0.7598944591029023,2,Domain1,684
274,300,lgbm,0.7750759878419453,0.8037135278514589,2,Domain2,1316
275,300,lgbm,0.8065,0.7949125596184418,2,Global,2000
276,300,lr,0.8654970760233918,0.75,2,Domain1,684
277,300,lr,0.7621580547112462,0.7860560492139438,2,Domain2,1316
278,300,lr,0.7975,0.7788093937738941,2,Global,2000
279,300,rf,0.7849686847599165,0.8362480127186009,3,Domain1,479
280,300,rf,0.7863993025283348,0.7956630525437866,3,Domain2,1147
281,300,rf,0.9732620320855615,0.0,3,Domain3,374
282,300,rf,0.821,0.8052230685527748,3,Global,2000
283,300,lgbm,0.7703549060542797,0.8231511254019293,3,Domain1,479
284,300,lgbm,0.7855274629468177,0.802250803858521,3,Domain2,1147
285,300,lgbm,0.9732620320855615,0.0,3,Domain3,374
286,300,lgbm,0.817,0.8049040511727078,3,Global,2000
287,300,lr,0.7620041753653445,0.819047619047619,3,Domain1,479
288,300,lr,0.7663469921534438,0.7788778877887788,3,Domain2,1147
289,300,lr,0.9732620320855615,0.0,3,Domain3,374
290,300,lr,0.804,0.7883369330453563,3,Global,2000
291,300,rf,0.7818181818181819,0.8285714285714285,4,Domain1,440
292,300,rf,0.9811827956989247,0.36363636363636365,4,Domain2,372
293,300,rf,0.7573529411764706,0.7924528301886793,4,Domain3,408
294,300,rf,0.791025641025641,0.7999999999999999,4,Domain4,780
295,300,rf,0.8175,0.8040794417606012,4,Global,2000
296,300,lgbm,0.775,0.8222621184919211,4,Domain1,440
297,300,lgbm,0.978494623655914,0.0,4,Domain2,372
298,300,lgbm,0.7769607843137255,0.8115942028985508,4,Domain3,408
299,300,lgbm,0.7769230769230769,0.7872860635696821,4,Domain4,780
300,300,lgbm,0.814,0.8006430868167203,4,Global,2000
301,300,lr,0.7545454545454545,0.8078291814946619,4,Domain1,440
302,300,lr,0.9865591397849462,0.6153846153846154,4,Domain2,372
303,300,lr,0.75,0.7848101265822786,4,Domain3,408
304,300,lr,0.7615384615384615,0.7742718446601942,4,Domain4,780
305,300,lr,0.7995,0.785904965296316,4,Global,2000
306,300,rf,0.7813333333333333,0.8240343347639485,5,Domain1,375
307,300,rf,0.9836956521739131,0.25,5,Domain2,368
308,300,rf,0.8528301886792453,0.3157894736842105,5,Domain3,265
309,300,rf,0.8140589569160998,0.8742331288343559,5,Domain4,441
310,300,rf,0.7168784029038112,0.7699115044247787,5,Domain5,551
311,300,rf,0.8175,0.8038688876947877,5,Global,2000
312,300,lgbm,0.7653333333333333,0.8095238095238094,5,Domain1,375
313,300,lgbm,0.9809782608695652,0.0,5,Domain2,368
314,300,lgbm,0.8264150943396227,0.34285714285714286,5,Domain3,265
315,300,lgbm,0.7845804988662132,0.8562783661119515,5,Domain4,441
316,300,lgbm,0.7168784029038112,0.7752161383285303,5,Domain5,551
317,300,lgbm,0.804,0.7930306230200634,5,Global,2000
318,300,lr,0.7626666666666667,0.8086021505376344,5,Domain1,375
319,300,lr,0.9809782608695652,0.0,5,Domain2,368
320,300,lr,0.8452830188679246,0.2807017543859649,5,Domain3,265
321,300,lr,0.8117913832199547,0.8736681887366821,5,Domain4,441
322,300,lr,0.6932849364791288,0.737984496124031,5,Domain5,551
323,300,lr,0.8055,0.7875477880939377,5,Global,2000
324,300,rf,0.981081081081081,0.36363636363636365,6,Domain1,370
325,300,rf,0.8682170542635659,0.19047619047619044,6,Domain2,258
326,300,rf,0.7660377358490567,0.8192419825072886,6,Domain3,530
327,300,rf,0.7515527950310559,0.8275862068965518,6,Domain4,161
328,300,rf,0.7326732673267327,0.8,6,Domain5,303
329,300,rf,0.7962962962962963,0.8378947368421052,6,Domain6,378
330,300,rf,0.8185,0.8038897893030794,6,Global,2000
331,300,lgbm,0.9783783783783784,0.0,6,Domain1,370
332,300,lgbm,0.8488372093023255,0.360655737704918,6,Domain2,258
333,300,lgbm,0.7641509433962265,0.8216833095577747,6,Domain3,530
334,300,lgbm,0.6894409937888198,0.7807017543859649,6,Domain4,161
335,300,lgbm,0.7491749174917491,0.8099999999999999,6,Domain5,303
336,300,lgbm,0.7857142857142857,0.8272921108742005,6,Domain6,378
337,300,lgbm,0.8105,0.7970005356186395,6,Global,2000
338,300,lr,0.981081081081081,0.36363636363636365,6,Domain1,370
339,300,lr,0.8565891472868217,0.24489795918367346,6,Domain2,258
340,300,lr,0.7566037735849057,0.8185654008438819,6,Domain3,530
341,300,lr,0.7204968944099379,0.8132780082987553,6,Domain4,161
342,300,lr,0.7194719471947195,0.7837150127226464,6,Domain5,303
343,300,lr,0.7777777777777778,0.8285714285714286,6,Domain6,378
344,300,lr,0.8065,0.7957783641160951,6,Global,2000
345,300,rf,0.9864130434782609,0.5454545454545454,7,Domain1,368
346,300,rf,0.856,0.09999999999999999,7,Domain2,250
347,300,rf,0.7941176470588235,0.858195211786372,7,Domain3,374
348,300,rf,0.7530864197530864,0.8290598290598291,7,Domain4,162
349,300,rf,0.6903553299492385,0.7214611872146119,7,Domain5,197
350,300,rf,0.7790697674418605,0.8199052132701422,7,Domain6,344
351,300,rf,0.7475409836065574,0.8000000000000002,7,Domain7,305
352,300,rf,0.814,0.7993527508090614,7,Global,2000
353,300,lgbm,0.9809782608695652,0.0,7,Domain1,368
354,300,lgbm,0.852,0.3728813559322034,7,Domain2,250
355,300,lgbm,0.7780748663101604,0.8460111317254174,7,Domain3,374
356,300,lgbm,0.6975308641975309,0.7860262008733624,7,Domain4,162
357,300,lgbm,0.6700507614213198,0.7186147186147186,7,Domain5,197
358,300,lgbm,0.7441860465116279,0.7894736842105262,7,Domain6,344
359,300,lgbm,0.740983606557377,0.7989821882951653,7,Domain7,305
360,300,lgbm,0.796,0.7825159914712153,7,Global,2000
361,300,lr,0.9864130434782609,0.4444444444444445,7,Domain1,368
362,300,lr,0.868,0.2978723404255319,7,Domain2,250
363,300,lr,0.8101604278074866,0.8672897196261682,7,Domain3,374
364,300,lr,0.7407407407407407,0.8264462809917356,7,Domain4,162
365,300,lr,0.6700507614213198,0.6889952153110047,7,Domain5,197
366,300,lr,0.7761627906976745,0.8196721311475411,7,Domain6,344
367,300,lr,0.7377049180327869,0.7969543147208121,7,Domain7,305
368,300,lr,0.8135,0.7997852925389157,7,Global,2000
369,300,rf,0.9863387978142076,0.0,8,Domain1,366
370,300,rf,0.8028846153846154,0.8326530612244899,8,Domain2,208
371,300,rf,0.7898832684824902,0.847457627118644,8,Domain3,257
372,300,rf,0.7375886524822695,0.7823529411764707,8,Domain4,282
373,300,rf,0.8623481781376519,0.15,8,Domain5,247
374,300,rf,0.7407407407407407,0.8078431372549019,8,Domain6,189
375,300,rf,0.7372013651877133,0.8060453400503778,8,Domain7,293
376,300,rf,0.7468354430379747,0.8245614035087719,8,Domain8,158
377,300,rf,0.813,0.7993562231759657,8,Global,2000
378,300,lgbm,0.9863387978142076,0.0,8,Domain1,366
379,300,lgbm,0.7211538461538461,0.7542372881355933,8,Domain2,208
380,300,lgbm,0.7509727626459144,0.8202247191011236,8,Domain3,257
381,300,lgbm,0.75177304964539,0.8011363636363636,8,Domain4,282
382,300,lgbm,0.8623481781376519,0.3928571428571429,8,Domain5,247
383,300,lgbm,0.656084656084656,0.7450980392156863,8,Domain6,189
384,300,lgbm,0.7508532423208191,0.8151898734177215,8,Domain7,293
385,300,lgbm,0.6835443037974683,0.7767857142857144,8,Domain8,158
386,300,lgbm,0.7905,0.7770090473656199,8,Global,2000
387,300,lr,0.9863387978142076,0.0,8,Domain1,366
388,300,lr,0.8076923076923077,0.8360655737704918,8,Domain2,208
389,300,lr,0.7782101167315175,0.8347826086956521,8,Domain3,257
390,300,lr,0.75177304964539,0.8011363636363636,8,Domain4,282
391,300,lr,0.8623481781376519,0.22727272727272727,8,Domain5,247
392,300,lr,0.6931216931216931,0.7769230769230769,8,Domain6,189
393,300,lr,0.7303754266211604,0.7937336814621408,8,Domain7,293
394,300,lr,0.7278481012658228,0.8185654008438819,8,Domain8,158
395,300,lr,0.807,0.7935828877005348,8,Global,2000
396,400,rf,0.84,0.8333333333333334,1,Domain1,2000
397,400,rf,0.84,0.8333333333333334,1,Global,2000
398,400,lgbm,0.8335,0.8279069767441861,1,Domain1,2000
399,400,lgbm,0.8335,0.8279069767441861,1,Global,2000
400,400,lr,0.8135,0.8035808320168509,1,Domain1,2000
401,400,lr,0.8135,0.8035808320168509,1,Global,2000
402,400,rf,0.79858934169279,0.8292358803986711,2,Domain1,1276
403,400,rf,0.9074585635359116,0.8377723970944311,2,Domain2,724
404,400,rf,0.838,0.8310740354535976,2,Global,2000
405,400,lgbm,0.7813479623824452,0.8111035883547731,2,Domain1,1276
406,400,lgbm,0.8812154696132597,0.7892156862745098,2,Domain2,724
407,400,lgbm,0.8175,0.806366047745358,2,Global,2000
408,400,lr,0.7601880877742947,0.7935222672064777,2,Domain1,1276
409,400,lr,0.8950276243093923,0.8173076923076923,2,Domain2,724
410,400,lr,0.809,0.7987355110642782,2,Global,2000
411,400,rf,0.9851116625310173,0.25,3,Domain1,403
412,400,rf,0.7850045167118338,0.807131280388979,3,Domain2,1107
413,400,rf,0.8142857142857143,0.8627450980392156,3,Domain3,490
414,400,rf,0.8325,0.8241469816272967,3,Global,2000
415,400,lgbm,0.9851116625310173,0.0,3,Domain1,403
416,400,lgbm,0.7813911472448057,0.8035714285714286,3,Domain2,1107
417,400,lgbm,0.7918367346938775,0.8463855421686747,3,Domain3,490
418,400,lgbm,0.825,0.8159831756046266,3,Global,2000
419,400,lr,0.9875930521091811,0.4444444444444444,3,Domain1,403
420,400,lr,0.7714543812104788,0.7987271280827368,3,Domain2,1107
421,400,lr,0.7959183673469388,0.8498498498498498,3,Domain3,490
422,400,lr,0.821,0.8146997929606624,3,Global,2000
423,400,rf,0.817351598173516,0.863481228668942,4,Domain1,438
424,400,rf,0.9874686716791979,0.4444444444444444,4,Domain2,399
425,400,rf,0.7983014861995754,0.6215139442231076,4,Domain3,471
426,400,rf,0.7702312138728323,0.8518173345759553,4,Domain4,692
427,400,rf,0.8305,0.8233454924439813,4,Global,2000
428,400,lgbm,0.815068493150685,0.8615384615384616,4,Domain1,438
429,400,lgbm,0.9849624060150376,0.0,4,Domain2,399
430,400,lgbm,0.7876857749469215,0.6212121212121212,4,Domain3,471
431,400,lgbm,0.7687861271676301,0.8504672897196262,4,Domain4,692
432,400,lgbm,0.8265,0.8197402597402597,4,Global,2000
433,400,lr,0.8059360730593608,0.8571428571428572,4,Domain1,438
434,400,lr,0.9874686716791979,0.4444444444444444,4,Domain2,399
435,400,lr,0.7622080679405521,0.5555555555555556,4,Domain3,471
436,400,lr,0.7557803468208093,0.8363988383349468,4,Domain4,692
437,400,lr,0.8145,0.8035997882477502,4,Global,2000
438,400,rf,0.8156565656565656,0.856581532416503,5,Domain1,396
439,400,rf,0.7083333333333334,0.7878787878787878,5,Domain2,144
440,400,rf,0.9798488664987406,0.3333333333333333,5,Domain3,397
441,400,rf,0.8118393234672304,0.848381601362862,5,Domain4,473
442,400,rf,0.7898305084745763,0.7953795379537953,5,Domain5,590
443,400,rf,0.832,0.8242677824267782,5,Global,2000
444,400,lgbm,0.797979797979798,0.8406374501992031,5,Domain1,396
445,400,lgbm,0.7291666666666666,0.802030456852792,5,Domain2,144
446,400,lgbm,0.9848866498740554,0.0,5,Domain3,397
447,400,lgbm,0.7970401691331924,0.8372881355932204,5,Domain4,473
448,400,lgbm,0.7661016949152543,0.7752442996742671,5,Domain5,590
449,400,lgbm,0.8205,0.8119434258774227,5,Global,2000
450,400,lr,0.8080808080808081,0.8509803921568627,5,Domain1,396
451,400,lr,0.7013888888888888,0.7817258883248731,5,Domain2,144
452,400,lr,0.9874055415617129,0.4444444444444444,5,Domain3,397
453,400,lr,0.8054968287526427,0.8466666666666667,5,Domain4,473
454,400,lr,0.7338983050847457,0.7201426024955436,5,Domain5,590
455,400,lr,0.8135,0.8012786361214703,5,Global,2000
456,400,rf,0.8169761273209549,0.8583162217659138,6,Domain1,377
457,400,rf,0.6971830985915493,0.7839195979899496,6,Domain2,142
458,400,rf,0.9848866498740554,0.4,6,Domain3,397
459,400,rf,0.8179487179487179,0.8752196836555359,6,Domain4,390
460,400,rf,0.7689075630252101,0.8172757475083056,6,Domain5,476
461,400,rf,0.8119266055045872,0.046511627906976744,6,Domain6,218
462,400,rf,0.83,0.8219895287958116,6,Global,2000
463,400,lgbm,0.7559681697612732,0.8083333333333333,6,Domain1,377
464,400,lgbm,0.7323943661971831,0.8080808080808081,6,Domain2,142
465,400,lgbm,0.9848866498740554,0.0,6,Domain3,397
466,400,lgbm,0.8051282051282052,0.8680555555555556,6,Domain4,390
467,400,lgbm,0.7521008403361344,0.805921052631579,6,Domain5,476
468,400,lgbm,0.8027522935779816,0.2711864406779661,6,Domain6,218
469,400,lgbm,0.8135,0.806434872859367,6,Global,2000
470,400,lr,0.8063660477453581,0.8501026694045173,6,Domain1,377
471,400,lr,0.6971830985915493,0.7839195979899496,6,Domain2,142
472,400,lr,0.9874055415617129,0.4444444444444444,6,Domain3,397
473,400,lr,0.823076923076923,0.8808290155440415,6,Domain4,390
474,400,lr,0.7668067226890757,0.8246445497630331,6,Domain5,476
475,400,lr,0.8256880733944955,0.20833333333333334,6,Domain6,218
476,400,lr,0.8305,0.8265984654731457,6,Global,2000
477,400,rf,1.0,0.0,7,Domain1,106
478,400,rf,0.6971830985915493,0.7839195979899496,7,Domain2,142
479,400,rf,0.8179487179487179,0.8752196836555359,7,Domain3,390
480,400,rf,0.9797297297297297,0.25,7,Domain4,296
481,400,rf,0.8256880733944955,0.09523809523809523,7,Domain5,218
482,400,rf,0.7689075630252101,0.8166666666666668,7,Domain6,476
483,400,rf,0.8064516129032258,0.8530612244897959,7,Domain7,372
484,400,rf,0.83,0.8218029350104822,7,Global,2000
485,400,lgbm,1.0,0.0,7,Domain1,106
486,400,lgbm,0.7323943661971831,0.8080808080808081,7,Domain2,142
487,400,lgbm,0.8051282051282052,0.8680555555555556,7,Domain3,390
488,400,lgbm,0.9797297297297297,0.0,7,Domain4,296
489,400,lgbm,0.8027522935779816,0.2711864406779661,7,Domain5,218
490,400,lgbm,0.7478991596638656,0.8006644518272426,7,Domain6,476
491,400,lgbm,0.7553763440860215,0.8108108108108109,7,Domain7,372
492,400,lgbm,0.813,0.8054110301768991,7,Global,2000
